state,county,city,precinct,l2_district_type,l2_district_name,source
FL,ALACHUA,GAINESVILLE CITY (EST.),13,City_Council_Commissioner_District,GAINESVILLE CITY CNCL DIST 1 (EST.),https://www.votealachua.gov/264/District-Boundaries
FL,ALACHUA,GAINESVILLE CITY (EST.),19,City_Council_Commissioner_District,GAINESVILLE CITY CNCL DIST 1 (EST.),https://www.votealachua.gov/264/District-Boundaries
FL,ALACHUA,GAINESVILLE CITY (EST.),25,City_Council_Commissioner_District,GAINESVILLE CITY CNCL DIST 1 (EST.),https://www.votealachua.gov/264/District-Boundaries
FL,ALACHUA,GAINESVILLE CITY (EST.),28,City_Council_Commissioner_District,GAINESVILLE CITY CNCL DIST 1 (EST.),https://www.votealachua.gov/264/District-Boundaries
FL,ALACHUA,GAINESVILLE CITY (EST.),33,City_Council_Commissioner_District,GAINESVILLE CITY CNCL DIST 1 (EST.),https://www.votealachua.gov/264/District-Boundaries
FL,ALACHUA,GAINESVILLE CITY (EST.),40,City_Council_Commissioner_District,GAINESVILLE CITY CNCL DIST 1 (EST.),https://www.votealachua.gov/264/District-Boundaries
FL,ALACHUA,GAINESVILLE CITY (EST.),55,City_Council_Commissioner_District,GAINESVILLE CITY CNCL DIST 1 (EST.),https://www.votealachua.gov/264/District-Boundaries
FL,ALACHUA,GAINESVILLE CITY (EST.),59,City_Council_Commissioner_District,GAINESVILLE CITY CNCL DIST 1 (EST.),https://www.votealachua.gov/264/District-Boundaries
FL,ALACHUA,GAINESVILLE CITY (EST.),17,City_Council_Commissioner_District,GAINESVILLE CITY CNCL DIST 2 (EST.),https://www.votealachua.gov/264/District-Boundaries
FL,ALACHUA,GAINESVILLE CITY (EST.),21,City_Council_Commissioner_District,GAINESVILLE CITY CNCL DIST 2 (EST.),https://www.votealachua.gov/264/District-Boundaries
FL,ALACHUA,GAINESVILLE CITY (EST.),24,City_Council_Commissioner_District,GAINESVILLE CITY CNCL DIST 2 (EST.),https://www.votealachua.gov/264/District-Boundaries
FL,ALACHUA,GAINESVILLE CITY (EST.),32,City_Council_Commissioner_District,GAINESVILLE CITY CNCL DIST 2 (EST.),https://www.votealachua.gov/264/District-Boundaries
FL,ALACHUA,GAINESVILLE CITY (EST.),37,City_Council_Commissioner_District,GAINESVILLE CITY CNCL DIST 2 (EST.),https://www.votealachua.gov/264/District-Boundaries
FL,ALACHUA,GAINESVILLE CITY (EST.),38,City_Council_Commissioner_District,GAINESVILLE CITY CNCL DIST 2 (EST.),https://www.votealachua.gov/264/District-Boundaries
FL,ALACHUA,GAINESVILLE CITY (EST.),61,City_Council_Commissioner_District,GAINESVILLE CITY CNCL DIST 2 (EST.),https://www.votealachua.gov/264/District-Boundaries
FL,ALACHUA,GAINESVILLE CITY (EST.),23,City_Council_Commissioner_District,GAINESVILLE CITY CNCL DIST 3 (EST.),https://www.votealachua.gov/264/District-Boundaries
FL,ALACHUA,GAINESVILLE CITY (EST.),36,City_Council_Commissioner_District,GAINESVILLE CITY CNCL DIST 3 (EST.),https://www.votealachua.gov/264/District-Boundaries
FL,ALACHUA,GAINESVILLE CITY (EST.),39,City_Council_Commissioner_District,GAINESVILLE CITY CNCL DIST 3 (EST.),https://www.votealachua.gov/264/District-Boundaries
FL,ALACHUA,GAINESVILLE CITY (EST.),42,City_Council_Commissioner_District,GAINESVILLE CITY CNCL DIST 3 (EST.),https://www.votealachua.gov/264/District-Boundaries
FL,ALACHUA,GAINESVILLE CITY (EST.),43,City_Council_Commissioner_District,GAINESVILLE CITY CNCL DIST 3 (EST.),https://www.votealachua.gov/264/District-Boundaries
FL,ALACHUA,GAINESVILLE CITY (EST.),44,City_Council_Commissioner_District,GAINESVILLE CITY CNCL DIST 3 (EST.),https://www.votealachua.gov/264/District-Boundaries
FL,ALACHUA,GAINESVILLE CITY (EST.),48,City_Council_Commissioner_District,GAINESVILLE CITY CNCL DIST 3 (EST.),https://www.votealachua.gov/264/District-Boundaries
FL,ALACHUA,GAINESVILLE CITY (EST.),54,City_Council_Commissioner_District,GAINESVILLE CITY CNCL DIST 3 (EST.),https://www.votealachua.gov/264/District-Boundaries
FL,ALACHUA,GAINESVILLE CITY (EST.),05,City_Council_Commissioner_District,GAINESVILLE CITY CNCL DIST 4 (EST.),https://www.votealachua.gov/264/District-Boundaries
FL,ALACHUA,GAINESVILLE CITY (EST.),07,City_Council_Commissioner_District,GAINESVILLE CITY CNCL DIST 4 (EST.),https://www.votealachua.gov/264/District-Boundaries
FL,ALACHUA,GAINESVILLE CITY (EST.),12,City_Council_Commissioner_District,GAINESVILLE CITY CNCL DIST 4 (EST.),https://www.votealachua.gov/264/District-Boundaries
FL,ALACHUA,GAINESVILLE CITY (EST.),26,City_Council_Commissioner_District,GAINESVILLE CITY CNCL DIST 4 (EST.),https://www.votealachua.gov/264/District-Boundaries
FL,ALACHUA,GAINESVILLE CITY (EST.),27,City_Council_Commissioner_District,GAINESVILLE CITY CNCL DIST 4 (EST.),https://www.votealachua.gov/264/District-Boundaries
FL,ALACHUA,GAINESVILLE CITY (EST.),31,City_Council_Commissioner_District,GAINESVILLE CITY CNCL DIST 4 (EST.),https://www.votealachua.gov/264/District-Boundaries
FL,ALACHUA,GAINESVILLE CITY (EST.),50,City_Council_Commissioner_District,GAINESVILLE CITY CNCL DIST 4 (EST.),https://www.votealachua.gov/264/District-Boundaries
FL,ALACHUA,GAINESVILLE CITY (EST.),57,City_Council_Commissioner_District,GAINESVILLE CITY CNCL DIST 4 (EST.),https://www.votealachua.gov/264/District-Boundaries
FL,VOLUSIA,,101,Hospital_District,WEST VOLUSIA HOSPITAL AUTHORITY (EST.),https://www.volusiaelections.gov/file/302/04.-March-Active-Voters-by-District-Precinct.pdf
FL,VOLUSIA,,102,Hospital_District,WEST VOLUSIA HOSPITAL AUTHORITY (EST.),https://www.volusiaelections.gov/file/302/04.-March-Active-Voters-by-District-Precinct.pdf
FL,VOLUSIA,,103,Hospital_District,WEST VOLUSIA HOSPITAL AUTHORITY (EST.),https://www.volusiaelections.gov/file/302/04.-March-Active-Voters-by-District-Precinct.pdf
FL,VOLUSIA,,104,Hospital_District,WEST VOLUSIA HOSPITAL AUTHORITY (EST.),https://www.volusiaelections.gov/file/302/04.-March-Active-Voters-by-District-Precinct.pdf
FL,VOLUSIA,,105,Hospital_District,WEST VOLUSIA HOSPITAL AUTHORITY (EST.),https://www.volusiaelections.gov/file/302/04.-March-Active-Voters-by-District-Precinct.pdf
FL,VOLUSIA,,201,Hospital_District,WEST VOLUSIA HOSPITAL AUTHORITY (EST.),https://www.volusiaelections.gov/file/302/04.-March-Active-Voters-by-District-Precinct.pdf
FL,VOLUSIA,,202,Hospital_District,WEST VOLUSIA HOSPITAL AUTHORITY (EST.),https://www.volusiaelections.gov/file/302/04.-March-Active-Voters-by-District-Precinct.pdf
FL,VOLUSIA,,203,Hospital_District,WEST VOLUSIA HOSPITAL AUTHORITY (EST.),https://www.volusiaelections.gov/file/302/04.-March-Active-Voters-by-District-Precinct.pdf
FL,VOLUSIA,,204,Hospital_District,WEST VOLUSIA HOSPITAL AUTHORITY (EST.),https://www.volusiaelections.gov/file/302/04.-March-Active-Voters-by-District-Precinct.pdf
FL,VOLUSIA,,205,Hospital_District,WEST VOLUSIA HOSPITAL AUTHORITY (EST.),https://www.volusiaelections.gov/file/302/04.-March-Active-Voters-by-District-Precinct.pdf
FL,VOLUSIA,,206,Hospital_District,WEST VOLUSIA HOSPITAL AUTHORITY (EST.),https://www.volusiaelections.gov/file/302/04.-March-Active-Voters-by-District-Precinct.pdf
FL,VOLUSIA,,207,Hospital_District,WEST VOLUSIA HOSPITAL AUTHORITY (EST.),https://www.volusiaelections.gov/file/302/04.-March-Active-Voters-by-District-Precinct.pdf
FL,VOLUSIA,,208,Hospital_District,WEST VOLUSIA HOSPITAL AUTHORITY (EST.),https://www.volusiaelections.gov/file/302/04.-March-Active-Voters-by-District-Precinct.pdf
FL,VOLUSIA,,209,Hospital_District,WEST VOLUSIA HOSPITAL AUTHORITY (EST.),https://www.volusiaelections.gov/file/302/04.-March-Active-Voters-by-District-Precinct.pdf
FL,VOLUSIA,,210,Hospital_District,WEST VOLUSIA HOSPITAL AUTHORITY (EST.),https://www.volusiaelections.gov/file/302/04.-March-Active-Voters-by-District-Precinct.pdf
FL,VOLUSIA,,211,Hospital_District,WEST VOLUSIA HOSPITAL AUTHORITY (EST.),https://www.volusiaelections.gov/file/302/04.-March-Active-Voters-by-District-Precinct.pdf
FL,VOLUSIA,,212,Hospital_District,WEST VOLUSIA HOSPITAL AUTHORITY (EST.),https://www.volusiaelections.gov/file/302/04.-March-Active-Voters-by-District-Precinct.pdf
FL,VOLUSIA,,213,Hospital_District,WEST VOLUSIA HOSPITAL AUTHORITY (EST.),https://www.volusiaelections.gov/file/302/04.-March-Active-Voters-by-District-Precinct.pdf
FL,VOLUSIA,,214,Hospital_District,WEST VOLUSIA HOSPITAL AUTHORITY (EST.),https://www.volusiaelections.gov/file/302/04.-March-Active-Voters-by-District-Precinct.pdf
FL,VOLUSIA,,215,Hospital_District,WEST VOLUSIA HOSPITAL AUTHORITY (EST.),https://www.volusiaelections.gov/file/302/04.-March-Active-Voters-by-District-Precinct.pdf
FL,VOLUSIA,,216,Hospital_District,WEST VOLUSIA HOSPITAL AUTHORITY (EST.),https://www.volusiaelections.gov/file/302/04.-March-Active-Voters-by-District-Precinct.pdf
FL,VOLUSIA,,217,Hospital_District,WEST VOLUSIA HOSPITAL AUTHORITY (EST.),https://www.volusiaelections.gov/file/302/04.-March-Active-Voters-by-District-Precinct.pdf
FL,VOLUSIA,,218,Hospital_District,WEST VOLUSIA HOSPITAL AUTHORITY (EST.),https://www.volusiaelections.gov/file/302/04.-March-Active-Voters-by-District-Precinct.pdf
FL,VOLUSIA,,219,Hospital_District,WEST VOLUSIA HOSPITAL AUTHORITY (EST.),https://www.volusiaelections.gov/file/302/04.-March-Active-Voters-by-District-Precinct.pdf
FL,VOLUSIA,,220,Hospital_District,WEST VOLUSIA HOSPITAL AUTHORITY (EST.),https://www.volusiaelections.gov/file/302/04.-March-Active-Voters-by-District-Precinct.pdf
FL,VOLUSIA,,301,Hospital_District,WEST VOLUSIA HOSPITAL AUTHORITY (EST.),https://www.volusiaelections.gov/file/302/04.-March-Active-Voters-by-District-Precinct.pdf
FL,VOLUSIA,,302,Hospital_District,WEST VOLUSIA HOSPITAL AUTHORITY (EST.),https://www.volusiaelections.gov/file/302/04.-March-Active-Voters-by-District-Precinct.pdf
FL,VOLUSIA,,303,Hospital_District,WEST VOLUSIA HOSPITAL AUTHORITY (EST.),https://www.volusiaelections.gov/file/302/04.-March-Active-Voters-by-District-Precinct.pdf
FL,VOLUSIA,,304,Hospital_District,WEST VOLUSIA HOSPITAL AUTHORITY (EST.),https://www.volusiaelections.gov/file/302/04.-March-Active-Voters-by-District-Precinct.pdf
FL,VOLUSIA,,305,Hospital_District,WEST VOLUSIA HOSPITAL AUTHORITY (EST.),https://www.volusiaelections.gov/file/302/04.-March-Active-Voters-by-District-Precinct.pdf
FL,VOLUSIA,,306,Hospital_District,WEST VOLUSIA HOSPITAL AUTHORITY (EST.),https://www.volusiaelections.gov/file/302/04.-March-Active-Voters-by-District-Precinct.pdf
FL,VOLUSIA,,307,Hospital_District,WEST VOLUSIA HOSPITAL AUTHORITY (EST.),https://www.volusiaelections.gov/file/302/04.-March-Active-Voters-by-District-Precinct.pdf
FL,VOLUSIA,,308,Hospital_District,WEST VOLUSIA HOSPITAL AUTHORITY (EST.),https://www.volusiaelections.gov/file/302/04.-March-Active-Voters-by-District-Precinct.pdf
FL,VOLUSIA,,309,Hospital_District,WEST VOLUSIA HOSPITAL AUTHORITY (EST.),https://www.volusiaelections.gov/file/302/04.-March-Active-Voters-by-District-Precinct.pdf
FL,VOLUSIA,,310,Hospital_District,WEST VOLUSIA HOSPITAL AUTHORITY (EST.),https://www.volusiaelections.gov/file/302/04.-March-Active-Voters-by-District-Precinct.pdf
FL,VOLUSIA,,311,Hospital_District,WEST VOLUSIA HOSPITAL AUTHORITY (EST.),https://www.volusiaelections.gov/file/302/04.-March-Active-Voters-by-District-Precinct.pdf
FL,VOLUSIA,,312,Hospital_District,WEST VOLUSIA HOSPITAL AUTHORITY (EST.),https://www.volusiaelections.gov/file/302/04.-March-Active-Voters-by-District-Precinct.pdf
FL,VOLUSIA,,313,Hospital_District,WEST VOLUSIA HOSPITAL AUTHORITY (EST.),https://www.volusiaelections.gov/file/302/04.-March-Active-Voters-by-District-Precinct.pdf
FL,VOLUSIA,,314,Hospital_District,WEST VOLUSIA HOSPITAL AUTHORITY (EST.),https://www.volusiaelections.gov/file/302/04.-March-Active-Voters-by-District-Precinct.pdf
FL,VOLUSIA,,401,Hospital_District,WEST VOLUSIA HOSPITAL AUTHORITY (EST.),https://www.volusiaelections.gov/file/302/04.-March-Active-Voters-by-District-Precinct.pdf
FL,VOLUSIA,,402,Hospital_District,WEST VOLUSIA HOSPITAL AUTHORITY (EST.),https://www.volusiaelections.gov/file/302/04.-March-Active-Voters-by-District-Precinct.pdf
FL,VOLUSIA,,403,Hospital_District,WEST VOLUSIA HOSPITAL AUTHORITY (EST.),https://www.volusiaelections.gov/file/302/04.-March-Active-Voters-by-District-Precinct.pdf
FL,VOLUSIA,,404,Hospital_District,WEST VOLUSIA HOSPITAL AUTHORITY (EST.),https://www.volusiaelections.gov/file/302/04.-March-Active-Voters-by-District-Precinct.pdf
FL,VOLUSIA,,405,Hospital_District,WEST VOLUSIA HOSPITAL AUTHORITY (EST.),https://www.volusiaelections.gov/file/302/04.-March-Active-Voters-by-District-Precinct.pdf
FL,VOLUSIA,,406,Hospital_District,WEST VOLUSIA HOSPITAL AUTHORITY (EST.),https://www.volusiaelections.gov/file/302/04.-March-Active-Voters-by-District-Precinct.pdf
FL,VOLUSIA,,407,Hospital_District,WEST VOLUSIA HOSPITAL AUTHORITY (EST.),https://www.volusiaelections.gov/file/302/04.-March-Active-Voters-by-District-Precinct.pdf
FL,VOLUSIA,,408,Hospital_District,WEST VOLUSIA HOSPITAL AUTHORITY (EST.),https://www.volusiaelections.gov/file/302/04.-March-Active-Voters-by-District-Precinct.pdf
FL,VOLUSIA,,409,Hospital_District,WEST VOLUSIA HOSPITAL AUTHORITY (EST.),https://www.volusiaelections.gov/file/302/04.-March-Active-Voters-by-District-Precinct.pdf
FL,VOLUSIA,,410,Hospital_District,WEST VOLUSIA HOSPITAL AUTHORITY (EST.),https://www.volusiaelections.gov/file/302/04.-March-Active-Voters-by-District-Precinct.pdf
FL,VOLUSIA,,411,Hospital_District,WEST VOLUSIA HOSPITAL AUTHORITY (EST.),https://www.volusiaelections.gov/file/302/04.-March-Active-Voters-by-District-Precinct.pdf
FL,VOLUSIA,,412,Hospital_District,WEST VOLUSIA HOSPITAL AUTHORITY (EST.),https://www.volusiaelections.gov/file/302/04.-March-Active-Voters-by-District-Precinct.pdf
FL,VOLUSIA,,413,Hospital_District,WEST VOLUSIA HOSPITAL AUTHORITY (EST.),https://www.volusiaelections.gov/file/302/04.-March-Active-Voters-by-District-Precinct.pdf
FL,VOLUSIA,,414,Hospital_District,WEST VOLUSIA HOSPITAL AUTHORITY (EST.),https://www.volusiaelections.gov/file/302/04.-March-Active-Voters-by-District-Precinct.pdf
FL,VOLUSIA,,415,Hospital_District,WEST VOLUSIA HOSPITAL AUTHORITY (EST.),https://www.volusiaelections.gov/file/302/04.-March-Active-Voters-by-District-Precinct.pdf
FL,VOLUSIA,,416,Hospital_District,WEST VOLUSIA HOSPITAL AUTHORITY (EST.),https://www.volusiaelections.gov/file/302/04.-March-Active-Voters-by-District-Precinct.pdf
FL,VOLUSIA,,417,Hospital_District,WEST VOLUSIA HOSPITAL AUTHORITY (EST.),https://www.volusiaelections.gov/file/302/04.-March-Active-Voters-by-District-Precinct.pdf
FL,VOLUSIA,,418,Hospital_District,WEST VOLUSIA HOSPITAL AUTHORITY (EST.),https://www.volusiaelections.gov/file/302/04.-March-Active-Voters-by-District-Precinct.pdf
FL,ORANGE,,,Judicial_Circuit_Court_District,JUDICIAL CIRCUIT 9,https://www.leg.state.fl.us/Statutes/index.cfm?App_mode=Display_Statute&URL=0000-0099/0026/Sections/0026.021.html
FL,OSCEOLA,,,Judicial_Circuit_Court_District,JUDICIAL CIRCUIT 9,https://www.leg.state.fl.us/Statutes/index.cfm?App_mode=Display_Statute&URL=0000-0099/0026/Sections/0026.021.html
LA,AVOYELLES PARISH,,07/01,Judicial_Magistrate_Division,BUNKIE CITY COURT,https://www.legis.la.gov/legis/Law.aspx?d=77045
LA,AVOYELLES PARISH,,07/02,Judicial_Magistrate_Division,BUNKIE CITY COURT,https://www.legis.la.gov/legis/Law.aspx?d=77045
LA,AVOYELLES PARISH,,07/03,Judicial_Magistrate_Division,BUNKIE CITY COURT,https://www.legis.la.gov/legis/Law.aspx?d=77045
LA,AVOYELLES PARISH,,08/01,Judicial_Magistrate_Division,BUNKIE CITY COURT,https://www.legis.la.gov/legis/Law.aspx?d=77045
LA,AVOYELLES PARISH,,08/02,Judicial_Magistrate_Division,BUNKIE CITY COURT,https://www.legis.la.gov/legis/Law.aspx?d=77045
LA,AVOYELLES PARISH,,08/03,Judicial_Magistrate_Division,BUNKIE CITY COURT,https://www.legis.la.gov/legis/Law.aspx?d=77045
LA,AVOYELLES PARISH,,08/03A,Judicial_Magistrate_Division,BUNKIE CITY COURT,https://www.legis.la.gov/legis/Law.aspx?d=77045
LA,AVOYELLES PARISH,,09/01,Judicial_Magistrate_Division,BUNKIE CITY COURT,https://www.legis.la.gov/legis/Law.aspx?d=77045
LA,AVOYELLES PARISH,,09/02,Judicial_Magistrate_Division,BUNKIE CITY COURT,https://www.legis.la.gov/legis/Law.aspx?d=77045
LA,AVOYELLES PARISH,,09/02A,Judicial_Magistrate_Division,BUNKIE CITY COURT,https://www.legis.la.gov/legis/Law.aspx?d=77045
LA,AVOYELLES PARISH,,09/03,Judicial_Magistrate_Division,BUNKIE CITY COURT,https://www.legis.la.gov/legis/Law.aspx?d=77045
LA,AVOYELLES PARISH,,09/05,Judicial_Magistrate_Division,BUNKIE CITY COURT,https://www.legis.la.gov/legis/Law.aspx?d=77045
LA,AVOYELLES PARISH,,10/02,Judicial_Magistrate_Division,BUNKIE CITY COURT,https://www.legis.la.gov/legis/Law.aspx?d=77045
LA,AVOYELLES PARISH,,10/02A,Judicial_Magistrate_Division,BUNKIE CITY COURT,https://www.legis.la.gov/legis/Law.aspx?d=77045
LA,AVOYELLES PARISH,,10/03A,Judicial_Magistrate_Division,BUNKIE CITY COURT,https://www.legis.la.gov/legis/Law.aspx?d=77045
LA,AVOYELLES PARISH,,10/03B,Judicial_Magistrate_Division,BUNKIE CITY COURT,https://www.legis.la.gov/legis/Law.aspx?d=77045
LA,AVOYELLES PARISH,,10/04,Judicial_Magistrate_Division,BUNKIE CITY COURT,https://www.legis.la.gov/legis/Law.aspx?d=77045
LA,MOREHOUSE PARISH,,,Judicial_District,JUDICIAL DISTRICT 4,https://law.justia.com/codes/louisiana/revised-statutes/title-13/rs-13-477/
LA,OUACHITA PARISH,,,Judicial_District,JUDICIAL DISTRICT 4,https://law.justia.com/codes/louisiana/revised-statutes/title-13/rs-13-477/
LA,ACADIA PARISH,,,Judicial_District,JUDICIAL DISTRICT 15,https://law.justia.com/codes/louisiana/revised-statutes/title-13/rs-13-477/
LA,LAFAYETTE PARISH,,,Judicial_District,JUDICIAL DISTRICT 15,https://law.justia.com/codes/louisiana/revised-statutes/title-13/rs-13-477/
LA,VERMILION PARISH,,,Judicial_District,JUDICIAL DISTRICT 15,https://law.justia.com/codes/louisiana/revised-statutes/title-13/rs-13-477/
LA,IBERIA PARISH,,,Judicial_District,JUDICIAL DISTRICT 16,https://law.justia.com/codes/louisiana/revised-statutes/title-13/rs-13-477/
LA,ST. MARTIN PARISH,,,Judicial_District,JUDICIAL DISTRICT 16,https://law.justia.com/codes/louisiana/revised-statutes/title-13/rs-13-477/
LA,ST. MARY PARISH,,,Judicial_District,JUDICIAL DISTRICT 16,https://law.justia.com/codes/louisiana/revised-statutes/title-13/rs-13-477/
LA,IBERVILLE PARISH,,,Judicial_District,JUDICIAL DISTRICT 18,https://law.justia.com/codes/louisiana/revised-statutes/title-13/rs-13-477/
LA,POINTE COUPEE PARISH,,,Judicial_District,JUDICIAL DISTRICT 18,https://law.justia.com/codes/louisiana/revised-statutes/title-13/rs-13-477/
LA,WEST BATON ROUGE PARISH,,,Judicial_District,JUDICIAL DISTRICT 18,https://law.justia.com/codes/louisiana/revised-statutes/title-13/rs-13-477/
LA,ASCENSION PARISH,,,Judicial_District,JUDICIAL DISTRICT 23,https://law.justia.com/codes/louisiana/revised-statutes/title-13/rs-13-477/
LA,ASSUMPTION PARISH,,,Judicial_District,JUDICIAL DISTRICT 23,https://law.justia.com/codes/louisiana/revised-statutes/title-13/rs-13-477/
LA,ST. JAMES PARISH,,,Judicial_District,JUDICIAL DISTRICT 23,https://law.justia.com/codes/louisiana/revised-statutes/title-13/rs-13-477/
TN,SUMNER,GOODLETTSVILLE CITY,,Town_District,GOODLETTSVILLE TOWN,https://www.goodlettsville.gov/2007/Location
CA,LOS ANGELES,,BELL GARDENS-0001,Unified_School_SubDistrict,MONTEBELLO USD TA 4,https://data.lacounty.gov/datasets/registrar-recorder-precincts-with-district-names
CA,LOS ANGELES,,BELL GARDENS-0002,Unified_School_SubDistrict,MONTEBELLO USD TA 4,https://data.lacounty.gov/datasets/registrar-recorder-precincts-with-district-names
CA,LOS ANGELES,,BELL GARDENS-0003,Unified_School_SubDistrict,MONTEBELLO USD TA 5,https://data.lacounty.gov/datasets/registrar-recorder-precincts-with-district-names
CA,LOS ANGELES,,BELL GARDENS-0004,Unified_School_SubDistrict,MONTEBELLO USD TA 5,https://data.lacounty.gov/datasets/registrar-recorder-precincts-with-district-names
CA,LOS ANGELES,,BELL GARDENS-0005,Unified_School_SubDistrict,MONTEBELLO USD TA 5,https://data.lacounty.gov/datasets/registrar-recorder-precincts-with-district-names
CA,LOS ANGELES,,BELL GARDENS-0006,Unified_School_SubDistrict,MONTEBELLO USD TA 5,https://data.lacounty.gov/datasets/registrar-recorder-precincts-with-district-names
CA,LOS ANGELES,,BELL GARDENS-0007,Unified_School_SubDistrict,MONTEBELLO USD TA 5,https://data.lacounty.gov/datasets/registrar-recorder-precincts-with-district-names
CA,LOS ANGELES,,BELL GARDENS-0008,Unified_School_SubDistrict,MONTEBELLO USD TA 5,https://data.lacounty.gov/datasets/registrar-recorder-precincts-with-district-names
CA,LOS ANGELES,,BELL GARDENS-0009,Unified_School_SubDistrict,MONTEBELLO USD TA 5,https://data.lacounty.gov/datasets/registrar-recorder-precincts-with-district-names
CA,LOS ANGELES,,BELL GARDENS-0011,Unified_School_SubDistrict,MONTEBELLO USD TA 5,https://data.lacounty.gov/datasets/registrar-recorder-precincts-with-district-names
CA,LOS ANGELES,,BELL GARDENS-0012,Unified_School_SubDistrict,MONTEBELLO USD TA 5,https://data.lacounty.gov/datasets/registrar-recorder-precincts-with-district-names
CA,LOS ANGELES,,BELL GARDENS-0013,Unified_School_SubDistrict,MONTEBELLO USD TA 5,https://data.lacounty.gov/datasets/registrar-recorder-precincts-with-district-names
CA,LOS ANGELES,,BELL GARDENS-0014,Unified_School_SubDistrict,MONTEBELLO USD TA 5,https://data.lacounty.gov/datasets/registrar-recorder-precincts-with-district-names
CA,LOS ANGELES,,BELL GARDENS-0016,Unified_School_SubDistrict,MONTEBELLO USD TA 5,https://data.lacounty.gov/datasets/registrar-recorder-precincts-with-district-names
CA,LOS ANGELES,,BELL GARDENS-0017,Unified_School_SubDistrict,MONTEBELLO USD TA 5,https://data.lacounty.gov/datasets/registrar-recorder-precincts-with-district-names
CA,LOS ANGELES,,BELL GARDENS-0018,Unified_School_SubDistrict,MONTEBELLO USD TA 5,https://data.lacounty.gov/datasets/registrar-recorder-precincts-with-district-names
CA,LOS ANGELES,,BELL GARDENS-0019,Unified_School_SubDistrict,MONTEBELLO USD TA 5,https://data.lacounty.gov/datasets/registrar-recorder-precincts-with-district-names
CA,LOS ANGELES,,BELL GARDENS-0020,Unified_School_SubDistrict,MONTEBELLO USD TA 5,https://data.lacounty.gov/datasets/registrar-recorder-precincts-with-district-names
CA,LOS ANGELES,,BELL GARDENS-0021,Unified_School_SubDistrict,MONTEBELLO USD TA 5,https://data.lacounty.gov/datasets/registrar-recorder-precincts-with-district-names
CA,LOS ANGELES,,BELL GARDENS-0022,Unified_School_SubDistrict,MONTEBELLO USD TA 5,https://data.lacounty.gov/datasets/registrar-recorder-precincts-with-district-names
CA,LOS ANGELES,,BELL GARDENS-0023,Unified_School_SubDistrict,MONTEBELLO USD TA 5,https://data.lacounty.gov/datasets/registrar-recorder-precincts-with-district-names
CA,LOS ANGELES,,BELL GARDENS-0024,Unified_School_SubDistrict,MONTEBELLO USD TA 5,https://data.lacounty.gov/datasets/registrar-recorder-precincts-with-district-names
CA,LOS ANGELES,,BELL GARDENS-0025,Unified_School_SubDistrict,MONTEBELLO USD TA 5,https://data.lacounty.gov/datasets/registrar-recorder-precincts-with-district-names
CA,LOS ANGELES,,BELL GARDENS-0026,Unified_School_SubDistrict,MONTEBELLO USD TA 5,https://data.lacounty.gov/datasets/registrar-recorder-precincts-with-district-names
CA,LOS ANGELES,,BELL GARDENS-0027,Unified_School_SubDistrict,MONTEBELLO USD TA 4,https://data.lacounty.gov/datasets/registrar-recorder-precincts-with-district-names
CA,LOS ANGELES,,BELL GARDENS-0028,Unified_School_SubDistrict,MONTEBELLO USD TA 4,https://data.lacounty.gov/datasets/registrar-recorder-precincts-with-district-names
CA,LOS ANGELES,,BELL-0005,Unified_School_SubDistrict,MONTEBELLO USD TA 4,https://data.lacounty.gov/datasets/registrar-recorder-precincts-with-district-names
CA,LOS ANGELES,,COMMERCE-0004,Unified_School_SubDistrict,MONTEBELLO USD TA 4,https://data.lacounty.gov/datasets/registrar-recorder-precincts-with-district-names
CA,LOS ANGELES,,COMMERCE-0006,Unified_School_SubDistrict,MONTEBELLO USD TA 4,https://data.lacounty.gov/datasets/registrar-recorder-precincts-with-district-names
CA,LOS ANGELES,,COMMERCE-0009,Unified_School_SubDistrict,MONTEBELLO USD TA 4,https://data.lacounty.gov/datasets/registrar-recorder-precincts-with-district-names
CA,LOS ANGELES,,COMMERCE-0012,Unified_School_SubDistrict,MONTEBELLO USD TA 4,https://data.lacounty.gov/datasets/registrar-recorder-precincts-with-district-names
CA,LOS ANGELES,,COMMERCE-0030,Unified_School_SubDistrict,MONTEBELLO USD TA 4,https://data.lacounty.gov/datasets/registrar-recorder-precincts-with-district-names
CA,LOS ANGELES,,COMMERCE-0031,Unified_School_SubDistrict,MONTEBELLO USD TA 4,https://data.lacounty.gov/datasets/registrar-recorder-precincts-with-district-names
CA,LOS ANGELES,,COMMERCE-0032,Unified_School_SubDistrict,MONTEBELLO USD TA 4,https://data.lacounty.gov/datasets/registrar-recorder-precincts-with-district-names
CA,LOS ANGELES,,COMMERCE-0033,Unified_School_SubDistrict,MONTEBELLO USD TA 4,https://data.lacounty.gov/datasets/registrar-recorder-precincts-with-district-names
CA,LOS ANGELES,,COMMERCE-0034,Unified_School_SubDistrict,MONTEBELLO USD TA 4,https://data.lacounty.gov/datasets/registrar-recorder-precincts-with-district-names
CA,LOS ANGELES,,COMMERCE-0035,Unified_School_SubDistrict,MONTEBELLO USD TA 4,https://data.lacounty.gov/datasets/registrar-recorder-precincts-with-district-names
CA,LOS ANGELES,,COMMERCE-0036,Unified_School_SubDistrict,MONTEBELLO USD TA 4,https://data.lacounty.gov/datasets/registrar-recorder-precincts-with-district-names
CA,LOS ANGELES,,COMMERCE-0037,Unified_School_SubDistrict,MONTEBELLO USD TA 4,https://data.lacounty.gov/datasets/registrar-recorder-precincts-with-district-names
CA,LOS ANGELES,,COMMERCE-0038,Unified_School_SubDistrict,MONTEBELLO USD TA 4,https://data.lacounty.gov/datasets/registrar-recorder-precincts-with-district-names
CA,LOS ANGELES,,CUDAHY-0002,Unified_School_SubDistrict,MONTEBELLO USD TA 5,https://data.lacounty.gov/datasets/registrar-recorder-precincts-with-district-names
CA,LOS ANGELES,,DOWNEY-0049,Unified_School_SubDistrict,MONTEBELLO USD TA 5,https://data.lacounty.gov/datasets/registrar-recorder-precincts-with-district-names
CA,LOS ANGELES,,EAST LOS ANGELES-0013,Unified_School_SubDistrict,MONTEBELLO USD TA 2,https://data.lacounty.gov/datasets/registrar-recorder-precincts-with-district-names
CA,LOS ANGELES,,EAST LOS ANGELES-0014,Unified_School_SubDistrict,MONTEBELLO USD TA 2,https://data.lacounty.gov/datasets/registrar-recorder-precincts-with-district-names
CA,LOS ANGELES,,EAST LOS ANGELES-0034,Unified_School_SubDistrict,MONTEBELLO USD TA 2,https://data.lacounty.gov/datasets/registrar-recorder-precincts-with-district-names
CA,LOS ANGELES,,EAST LOS ANGELES-0036,Unified_School_SubDistrict,MONTEBELLO USD TA 2,https://data.lacounty.gov/datasets/registrar-recorder-precincts-with-district-names
CA,LOS ANGELES,,EAST LOS ANGELES-0041,Unified_School_SubDistrict,MONTEBELLO USD TA 2,https://data.lacounty.gov/datasets/registrar-recorder-precincts-with-district-names
CA,LOS ANGELES,,EAST LOS ANGELES-0045,Unified_School_SubDistrict,MONTEBELLO USD TA 2,https://data.lacounty.gov/datasets/registrar-recorder-precincts-with-district-names
CA,LOS ANGELES,,EAST LOS ANGELES-0046,Unified_School_SubDistrict,MONTEBELLO USD TA 2,https://data.lacounty.gov/datasets/registrar-recorder-precincts-with-district-names
CA,LOS ANGELES,,EAST LOS ANGELES-0053,Unified_School_SubDistrict,MONTEBELLO USD TA 2,https://data.lacounty.gov/datasets/registrar-recorder-precincts-with-district-names
CA,LOS ANGELES,,EAST LOS ANGELES-0054,Unified_School_SubDistrict,MONTEBELLO USD TA 2,https://data.lacounty.gov/datasets/registrar-recorder-precincts-with-district-names
CA,LOS ANGELES,,EAST LOS ANGELES-0055,Unified_School_SubDistrict,MONTEBELLO USD TA 2,https://data.lacounty.gov/datasets/registrar-recorder-precincts-with-district-names
CA,LOS ANGELES,,EAST LOS ANGELES-0062,Unified_School_SubDistrict,MONTEBELLO USD TA 2,https://data.lacounty.gov/datasets/registrar-recorder-precincts-with-district-names
CA,LOS ANGELES,,EAST LOS ANGELES-0064,Unified_School_SubDistrict,MONTEBELLO USD TA 2,https://data.lacounty.gov/datasets/registrar-recorder-precincts-with-district-names
CA,LOS ANGELES,,EAST LOS ANGELES-0081,Unified_School_SubDistrict,MONTEBELLO USD TA 4,https://data.lacounty.gov/datasets/registrar-recorder-precincts-with-district-names
CA,LOS ANGELES,,EAST LOS ANGELES-0082,Unified_School_SubDistrict,MONTEBELLO USD TA 4,https://data.lacounty.gov/datasets/registrar-recorder-precincts-with-district-names
CA,LOS ANGELES,,EAST LOS ANGELES-0083,Unified_School_SubDistrict,MONTEBELLO USD TA 4,https://data.lacounty.gov/datasets/registrar-recorder-precincts-with-district-names
CA,LOS ANGELES,,EAST LOS ANGELES-0084,Unified_School_SubDistrict,MONTEBELLO USD TA 2,https://data.lacounty.gov/datasets/registrar-recorder-precincts-with-district-names
CA,LOS ANGELES,,EAST LOS ANGELES-0086,Unified_School_SubDistrict,MONTEBELLO USD TA 4,https://data.lacounty.gov/datasets/registrar-recorder-precincts-with-district-names
CA,LOS ANGELES,,EAST LOS ANGELES-0087,Unified_School_SubDistrict,MONTEBELLO USD TA 4,https://data.lacounty.gov/datasets/registrar-recorder-precincts-with-district-names
CA,LOS ANGELES,,EAST LOS ANGELES-0088,Unified_School_SubDistrict,MONTEBELLO USD TA 4,https://data.lacounty.gov/datasets/registrar-recorder-precincts-with-district-names
CA,LOS ANGELES,,EAST LOS ANGELES-0089,Unified_School_SubDistrict,MONTEBELLO USD TA 4,https://data.lacounty.gov/datasets/registrar-recorder-precincts-with-district-names
CA,LOS ANGELES,,EAST LOS ANGELES-0090,Unified_School_SubDistrict,MONTEBELLO USD TA 4,https://data.lacounty.gov/datasets/registrar-recorder-precincts-with-district-names
CA,LOS ANGELES,,EAST LOS ANGELES-0091,Unified_School_SubDistrict,MONTEBELLO USD TA 2,https://data.lacounty.gov/datasets/registrar-recorder-precincts-with-district-names
CA,LOS ANGELES,,EAST LOS ANGELES-0092,Unified_School_SubDistrict,MONTEBELLO USD TA 4,https://data.lacounty.gov/datasets/registrar-recorder-precincts-with-district-names
CA,LOS ANGELES,,MONTEBELLO-0001,Unified_School_SubDistrict,MONTEBELLO USD TA 2,https://data.lacounty.gov/datasets/registrar-recorder-precincts-with-district-names
CA,LOS ANGELES,,MONTEBELLO-0002,Unified_School_SubDistrict,MONTEBELLO USD TA 2,https://data.lacounty.gov/datasets/registrar-recorder-precincts-with-district-names
CA,LOS ANGELES,,MONTEBELLO-0003,Unified_School_SubDistrict,MONTEBELLO USD TA 2,https://data.lacounty.gov/datasets/registrar-recorder-precincts-with-district-names
CA,LOS ANGELES,,MONTEBELLO-0004,Unified_School_SubDistrict,MONTEBELLO USD TA 1,https://data.lacounty.gov/datasets/registrar-recorder-precincts-with-district-names
CA,LOS ANGELES,,MONTEBELLO-0005,Unified_School_SubDistrict,MONTEBELLO USD TA 3,https://data.lacounty.gov/datasets/registrar-recorder-precincts-with-district-names
CA,LOS ANGELES,,MONTEBELLO-0007,Unified_School_SubDistrict,MONTEBELLO USD TA 4,https://data.lacounty.gov/datasets/registrar-recorder-precincts-with-district-names
CA,LOS ANGELES,,MONTEBELLO-0008,Unified_School_SubDistrict,MONTEBELLO USD TA 2,https://data.lacounty.gov/datasets/registrar-recorder-precincts-with-district-names
CA,LOS ANGELES,,MONTEBELLO-0009,Unified_School_SubDistrict,MONTEBELLO USD TA 1,https://data.lacounty.gov/datasets/registrar-recorder-precincts-with-district-names
CA,LOS ANGELES,,MONTEBELLO-0010,Unified_School_SubDistrict,MONTEBELLO USD TA 1,https://data.lacounty.gov/datasets/registrar-recorder-precincts-with-district-names
CA,LOS ANGELES,,MONTEBELLO-0011,Unified_School_SubDistrict,MONTEBELLO USD TA 4,https://data.lacounty.gov/datasets/registrar-recorder-precincts-with-district-names
CA,LOS ANGELES,,MONTEBELLO-0012,Unified_School_SubDistrict,MONTEBELLO USD TA 3,https://data.lacounty.gov/datasets/registrar-recorder-precincts-with-district-names
CA,LOS ANGELES,,MONTEBELLO-0013,Unified_School_SubDistrict,MONTEBELLO USD TA 1,https://data.lacounty.gov/datasets/registrar-recorder-precincts-with-district-names
CA,LOS ANGELES,,MONTEBELLO-0014,Unified_School_SubDistrict,MONTEBELLO USD TA 1,https://data.lacounty.gov/datasets/registrar-recorder-precincts-with-district-names
CA,LOS ANGELES,,MONTEBELLO-0015,Unified_School_SubDistrict,MONTEBELLO USD TA 2,https://data.lacounty.gov/datasets/registrar-recorder-precincts-with-district-names
CA,LOS ANGELES,,MONTEBELLO-0016,Unified_School_SubDistrict,MONTEBELLO USD TA 3,https://data.lacounty.gov/datasets/registrar-recorder-precincts-with-district-names
CA,LOS ANGELES,,MONTEBELLO-0017,Unified_School_SubDistrict,MONTEBELLO USD TA 2,https://data.lacounty.gov/datasets/registrar-recorder-precincts-with-district-names
CA,LOS ANGELES,,MONTEBELLO-0018,Unified_School_SubDistrict,MONTEBELLO USD TA 1,https://data.lacounty.gov/datasets/registrar-recorder-precincts-with-district-names
CA,LOS ANGELES,,MONTEBELLO-0019,Unified_School_SubDistrict,MONTEBELLO USD TA 1,https://data.lacounty.gov/datasets/registrar-recorder-precincts-with-district-names
CA,LOS ANGELES,,MONTEBELLO-0020,Unified_School_SubDistrict,MONTEBELLO USD TA 3,https://data.lacounty.gov/datasets/registrar-recorder-precincts-with-district-names
CA,LOS ANGELES,,MONTEBELLO-0021,Unified_School_SubDistrict,MONTEBELLO USD TA 1,https://data.lacounty.gov/datasets/registrar-recorder-precincts-with-district-names
CA,LOS ANGELES,,MONTEBELLO-0022,Unified_School_SubDistrict,MONTEBELLO USD TA 3,https://data.lacounty.gov/datasets/registrar-recorder-precincts-with-district-names
CA,LOS ANGELES,,MONTEBELLO-0023,Unified_School_SubDistrict,MONTEBELLO USD TA 1,https://data.lacounty.gov/datasets/registrar-recorder-precincts-with-district-names
CA,LOS ANGELES,,MONTEBELLO-0024,Unified_School_SubDistrict,MONTEBELLO USD TA 3,https://data.lacounty.gov/datasets/registrar-recorder-precincts-with-district-names
CA,LOS ANGELES,,MONTEBELLO-0025,Unified_School_SubDistrict,MONTEBELLO USD TA 1,https://data.lacounty.gov/datasets/registrar-recorder-precincts-with-district-names
CA,LOS ANGELES,,MONTEBELLO-0026,Unified_School_SubDistrict,MONTEBELLO USD TA 2,https://data.lacounty.gov/datasets/registrar-recorder-precincts-with-district-names
CA,LOS ANGELES,,MONTEBELLO-0028,Unified_School_SubDistrict,MONTEBELLO USD TA 1,https://data.lacounty.gov/datasets/registrar-recorder-precincts-with-district-names
CA,LOS ANGELES,,MONTEBELLO-0029,Unified_School_SubDistrict,MONTEBELLO USD TA 3,https://data.lacounty.gov/datasets/registrar-recorder-precincts-with-district-names
CA,LOS ANGELES,,MONTEBELLO-0030,Unified_School_SubDistrict,MONTEBELLO USD TA 3,https://data.lacounty.gov/datasets/registrar-recorder-precincts-with-district-names
CA,LOS ANGELES,,MONTEBELLO-0031,Unified_School_SubDistrict,MONTEBELLO USD TA 3,https://data.lacounty.gov/datasets/registrar-recorder-precincts-with-district-names
CA,LOS ANGELES,,MONTEBELLO-0032,Unified_School_SubDistrict,MONTEBELLO USD TA 2,https://data.lacounty.gov/datasets/registrar-recorder-precincts-with-district-names
CA,LOS ANGELES,,MONTEBELLO-0033,Unified_School_SubDistrict,MONTEBELLO USD TA 3,https://data.lacounty.gov/datasets/registrar-recorder-precincts-with-district-names
CA,LOS ANGELES,,MONTEBELLO-0034,Unified_School_SubDistrict,MONTEBELLO USD TA 3,https://data.lacounty.gov/datasets/registrar-recorder-precincts-with-district-names
CA,LOS ANGELES,,MONTEBELLO-0035,Unified_School_SubDistrict,MONTEBELLO USD TA 3,https://data.lacounty.gov/datasets/registrar-recorder-precincts-with-district-names
CA,LOS ANGELES,,MONTEBELLO-0036,Unified_School_SubDistrict,MONTEBELLO USD TA 3,https://data.lacounty.gov/datasets/registrar-recorder-precincts-with-district-names
CA,LOS ANGELES,,MONTEBELLO-0037,Unified_School_SubDistrict,MONTEBELLO USD TA 3,https://data.lacounty.gov/datasets/registrar-recorder-precincts-with-district-names
CA,LOS ANGELES,,MONTEBELLO-0038,Unified_School_SubDistrict,MONTEBELLO USD TA 3,https://data.lacounty.gov/datasets/registrar-recorder-precincts-with-district-names
CA,LOS ANGELES,,MONTEBELLO-0039,Unified_School_SubDistrict,MONTEBELLO USD TA 2,https://data.lacounty.gov/datasets/registrar-recorder-precincts-with-district-names
CA,LOS ANGELES,,MONTEBELLO-0040,Unified_School_SubDistrict,MONTEBELLO USD TA 3,https://data.lacounty.gov/datasets/registrar-recorder-precincts-with-district-names
CA,LOS ANGELES,,MONTEBELLO-0041,Unified_School_SubDistrict,MONTEBELLO USD TA 2,https://data.lacounty.gov/datasets/registrar-recorder-precincts-with-district-names
CA,LOS ANGELES,,MONTEBELLO-0042,Unified_School_SubDistrict,MONTEBELLO USD TA 4,https://data.lacounty.gov/datasets/registrar-recorder-precincts-with-district-names
CA,LOS ANGELES,,MONTEBELLO-0043,Unified_School_SubDistrict,MONTEBELLO USD TA 4,https://data.lacounty.gov/datasets/registrar-recorder-precincts-with-district-names
CA,LOS ANGELES,,MONTEBELLO-0044,Unified_School_SubDistrict,MONTEBELLO USD TA 3,https://data.lacounty.gov/datasets/registrar-recorder-precincts-with-district-names
CA,LOS ANGELES,,MONTEBELLO-0045,Unified_School_SubDistrict,MONTEBELLO USD TA 1,https://data.lacounty.gov/datasets/registrar-recorder-precincts-with-district-names
CA,LOS ANGELES,,MONTEBELLO-0046,Unified_School_SubDistrict,MONTEBELLO USD TA 2,https://data.lacounty.gov/datasets/registrar-recorder-precincts-with-district-names
CA,LOS ANGELES,,MONTEBELLO-0047,Unified_School_SubDistrict,MONTEBELLO USD TA 2,https://data.lacounty.gov/datasets/registrar-recorder-precincts-with-district-names
CA,LOS ANGELES,,MONTEBELLO-0048,Unified_School_SubDistrict,MONTEBELLO USD TA 2,https://data.lacounty.gov/datasets/registrar-recorder-precincts-with-district-names
CA,LOS ANGELES,,MONTEBELLO-0051,Unified_School_SubDistrict,MONTEBELLO USD TA 2,https://data.lacounty.gov/datasets/registrar-recorder-precincts-with-district-names
CA,LOS ANGELES,,MONTEBELLO-0052,Unified_School_SubDistrict,MONTEBELLO USD TA 3,https://data.lacounty.gov/datasets/registrar-recorder-precincts-with-district-names
CA,LOS ANGELES,,MONTEBELLO-0055,Unified_School_SubDistrict,MONTEBELLO USD TA 1,https://data.lacounty.gov/datasets/registrar-recorder-precincts-with-district-names
CA,LOS ANGELES,,MONTEBELLO-0058,Unified_School_SubDistrict,MONTEBELLO USD TA 3,https://data.lacounty.gov/datasets/registrar-recorder-precincts-with-district-names
CA,LOS ANGELES,,MONTEBELLO-0065,Unified_School_SubDistrict,MONTEBELLO USD TA 2,https://data.lacounty.gov/datasets/registrar-recorder-precincts-with-district-names
CA,LOS ANGELES,,MONTEBELLO-0066,Unified_School_SubDistrict,MONTEBELLO USD TA 3,https://data.lacounty.gov/datasets/registrar-recorder-precincts-with-district-names
CA,LOS ANGELES,,MONTEBELLO-0074,Unified_School_SubDistrict,MONTEBELLO USD TA 1,https://data.lacounty.gov/datasets/registrar-recorder-precincts-with-district-names
CA,LOS ANGELES,,MONTEBELLO-0075,Unified_School_SubDistrict,MONTEBELLO USD TA 1,https://data.lacounty.gov/datasets/registrar-recorder-precincts-with-district-names
CA,LOS ANGELES,,MONTEBELLO-0090,Unified_School_SubDistrict,MONTEBELLO USD TA 3,https://data.lacounty.gov/datasets/registrar-recorder-precincts-with-district-names
CA,LOS ANGELES,,MONTEBELLO-0091,Unified_School_SubDistrict,MONTEBELLO USD TA 3,https://data.lacounty.gov/datasets/registrar-recorder-precincts-with-district-names
CA,LOS ANGELES,,MONTEBELLO-0092,Unified_School_SubDistrict,MONTEBELLO USD TA 1,https://data.lacounty.gov/datasets/registrar-recorder-precincts-with-district-names
CA,LOS ANGELES,,MONTEBELLO-0093,Unified_School_SubDistrict,MONTEBELLO USD TA 1,https://data.lacounty.gov/datasets/registrar-recorder-precincts-with-district-names
CA,LOS ANGELES,,MONTEREY PARK-0023,Unified_School_SubDistrict,MONTEBELLO USD TA 1,https://data.lacounty.gov/datasets/registrar-recorder-precincts-with-district-names
CA,LOS ANGELES,,MONTEREY PARK-0024,Unified_School_SubDistrict,MONTEBELLO USD TA 1,https://data.lacounty.gov/datasets/registrar-recorder-precincts-with-district-names
CA,LOS ANGELES,,MONTEREY PARK-0025,Unified_School_SubDistrict,MONTEBELLO USD TA 1,https://data.lacounty.gov/datasets/registrar-recorder-precincts-with-district-names
CA,LOS ANGELES,,MONTEREY PARK-0026,Unified_School_SubDistrict,MONTEBELLO USD TA 1,https://data.lacounty.gov/datasets/registrar-recorder-precincts-with-district-names
CA,LOS ANGELES,,MONTEREY PARK-0027,Unified_School_SubDistrict,MONTEBELLO USD TA 1,https://data.lacounty.gov/datasets/registrar-recorder-precincts-with-district-names
CA,LOS ANGELES,,MONTEREY PARK-0028,Unified_School_SubDistrict,MONTEBELLO USD TA 1,https://data.lacounty.gov/datasets/registrar-recorder-precincts-with-district-names
CA,LOS ANGELES,,MONTEREY PARK-0030,Unified_School_SubDistrict,MONTEBELLO USD TA 1,https://data.lacounty.gov/datasets/registrar-recorder-precincts-with-district-names
CA,LOS ANGELES,,MONTEREY PARK-0033,Unified_School_SubDistrict,MONTEBELLO USD TA 1,https://data.lacounty.gov/datasets/registrar-recorder-precincts-with-district-names
CA,LOS ANGELES,,MONTEREY PARK-0035,Unified_School_SubDistrict,MONTEBELLO USD TA 1,https://data.lacounty.gov/datasets/registrar-recorder-precincts-with-district-names
CA,LOS ANGELES,,MONTEREY PARK-0036,Unified_School_SubDistrict,MONTEBELLO USD TA 1,https://data.lacounty.gov/datasets/registrar-recorder-precincts-with-district-names
CA,LOS ANGELES,,MONTEREY PARK-0042,Unified_School_SubDistrict,MONTEBELLO USD TA 1,https://data.lacounty.gov/datasets/registrar-recorder-precincts-with-district-names
CA,LOS ANGELES,,MONTEREY PARK-0051,Unified_School_SubDistrict,MONTEBELLO USD TA 2,https://data.lacounty.gov/datasets/registrar-recorder-precincts-with-district-names
CA,LOS ANGELES,,MONTEREY PARK-0052,Unified_School_SubDistrict,MONTEBELLO USD TA 1,https://data.lacounty.gov/datasets/registrar-recorder-precincts-with-district-names
CA,LOS ANGELES,,PICO RIVERA-0017,Unified_School_SubDistrict,MONTEBELLO USD TA 3,https://data.lacounty.gov/datasets/registrar-recorder-precincts-with-district-names
CA,LOS ANGELES,,PICO RIVERA-0051,Unified_School_SubDistrict,MONTEBELLO USD TA 3,https://data.lacounty.gov/datasets/registrar-recorder-precincts-with-district-names
CA,LOS ANGELES,,ROSEMEAD-0019,Unified_School_SubDistrict,MONTEBELLO USD TA 1,https://data.lacounty.gov/datasets/registrar-recorder-precincts-with-district-names
CA,LOS ANGELES,,SOUTH SAN GABRIEL-0002,Unified_School_SubDistrict,MONTEBELLO USD TA 1,https://data.lacounty.gov/datasets/registrar-recorder-precincts-with-district-names
CA,LOS ANGELES,,SOUTH SAN GABRIEL-0003,Unified_School_SubDistrict,MONTEBELLO USD TA 1,https://data.lacounty.gov/datasets/registrar-recorder-precincts-with-district-names
CA,LOS ANGELES,,SOUTH SAN GABRIEL-0004,Unified_School_SubDistrict,MONTEBELLO USD TA 1,https://data.lacounty.gov/datasets/registrar-recorder-precincts-with-district-names
CA,LOS ANGELES,,SOUTH SAN GABRIEL-0005,Unified_School_SubDistrict,MONTEBELLO USD TA 1,https://data.lacounty.gov/datasets/registrar-recorder-precincts-with-district-names
CA,LOS ANGELES,,SOUTH SAN GABRIEL-0006,Unified_School_SubDistrict,MONTEBELLO USD TA 1,https://data.lacounty.gov/datasets/registrar-recorder-precincts-with-district-names
CA,LOS ANGELES,,SOUTH SAN GABRIEL-0007,Unified_School_SubDistrict,MONTEBELLO USD TA 1,https://data.lacounty.gov/datasets/registrar-recorder-precincts-with-district-names
CA,LOS ANGELES,,SOUTH SAN GABRIEL-0008,Unified_School_SubDistrict,MONTEBELLO USD TA 1,https://data.lacounty.gov/datasets/registrar-recorder-precincts-with-district-names
CA,LOS ANGELES,,SOUTH SAN GABRIEL-0010,Unified_School_SubDistrict,MONTEBELLO USD TA 1,https://data.lacounty.gov/datasets/registrar-recorder-precincts-with-district-names
CA,LOS ANGELES,,SOUTH SAN GABRIEL-0012,Unified_School_SubDistrict,MONTEBELLO USD TA 1,https://data.lacounty.gov/datasets/registrar-recorder-precincts-with-district-names
CA,LOS ANGELES,,SOUTH SAN GABRIEL-0014,Unified_School_SubDistrict,MONTEBELLO USD TA 1,https://data.lacounty.gov/datasets/registrar-recorder-precincts-with-district-names
CA,LOS ANGELES,,SOUTH SAN GABRIEL-0030,Unified_School_SubDistrict,MONTEBELLO USD TA 1,https://data.lacounty.gov/datasets/registrar-recorder-precincts-with-district-names
CA,LOS ANGELES,,SOUTH SAN GABRIEL-0032,Unified_School_SubDistrict,MONTEBELLO USD TA 1,https://data.lacounty.gov/datasets/registrar-recorder-precincts-with-district-names
CA,LOS ANGELES,,SOUTH SAN GABRIEL-0033,Unified_School_SubDistrict,MONTEBELLO USD TA 1,https://data.lacounty.gov/datasets/registrar-recorder-precincts-with-district-names
CA,LOS ANGELES,,SOUTH SAN GABRIEL-0035,Unified_School_SubDistrict,MONTEBELLO USD TA 1,https://data.lacounty.gov/datasets/registrar-recorder-precincts-with-district-names
