proposed_district,state,reason
SPOKANE CNTY COMM DIST 1 (2023),WA,Adopted Spokane county commissioner map parked in this column rather than a proposal; redrawn 2021 and seated 2023. Already carried by County_Commissioner_District.
SPOKANE CNTY COMM DIST 2 (2023),WA,Adopted Spokane county commissioner map parked in this column rather than a proposal; redrawn 2021 and seated 2023. Already carried by County_Commissioner_District.
SPOKANE CNTY COMM DIST 3 (2023),WA,Adopted Spokane county commissioner map parked in this column rather than a proposal; redrawn 2021 and seated 2023. Already carried by County_Commissioner_District.
SPOKANE CNTY COMM DIST 4 (2023),WA,Adopted Spokane county commissioner map parked in this column rather than a proposal; redrawn 2021 and seated 2023. Already carried by County_Commissioner_District.
SPOKANE CNTY COMM DIST 5 (2023),WA,Adopted Spokane county commissioner map parked in this column rather than a proposal; redrawn 2021 and seated 2023. Already carried by County_Commissioner_District.
PROPOSED CTA ANNEXATION,WA,Cowlitz Transit Authority annexation (Kelso/Longview). An in-or-out boundary change with no numbered counterpart; the board is ex-officio and not directly elected.
GRAYS HARBOR CNTY HOSP DIST 1 POTENTIAL ANNEX AREA,WA,Annex-area record for an existing elected hospital district. Describes a candidate area rather than a seat.
PROPOSED PARKER NORTH ANNEXATION,CO,Town of Parker enclave annexation (Douglas County). An in-or-out boundary change with no numbered counterpart.
PROPOSED PLAINS METRO SUB DIST,CO,Plains Metropolitan District formation record under Title 32 (Littleton). Not a seat.
PROPOSED SHADOW MOUNTAIN DIST,CO,Local improvement district in Craig (Moffat County) for assessment financing. No elected board.
PROPOSED SABELL METRO 1,CO,Sabell Metropolitan District (Arvada) covering roughly 25 acres. Its 2025 election was cancelled.
2027 PROPOSED STATE SENATE DIST 01 (EST.),MS,"Mississippi state senate map for the November 2027 election. Real seats, deliberately not minted yet: the proposed-district parser and the minted district types cover the 2026 maps only, and no adoption decision has been recorded for this map. Revisit before the 2027 filing period; BallotReady already carries the 2027 races."
2027 PROPOSED STATE SENATE DIST 02 (EST.),MS,"Mississippi state senate map for the November 2027 election. Real seats, deliberately not minted yet: the proposed-district parser and the minted district types cover the 2026 maps only, and no adoption decision has been recorded for this map. Revisit before the 2027 filing period; BallotReady already carries the 2027 races."
2027 PROPOSED STATE SENATE DIST 03 (EST.),MS,"Mississippi state senate map for the November 2027 election. Real seats, deliberately not minted yet: the proposed-district parser and the minted district types cover the 2026 maps only, and no adoption decision has been recorded for this map. Revisit before the 2027 filing period; BallotReady already carries the 2027 races."
2027 PROPOSED STATE SENATE DIST 04 (EST.),MS,"Mississippi state senate map for the November 2027 election. Real seats, deliberately not minted yet: the proposed-district parser and the minted district types cover the 2026 maps only, and no adoption decision has been recorded for this map. Revisit before the 2027 filing period; BallotReady already carries the 2027 races."
2027 PROPOSED STATE SENATE DIST 05 (EST.),MS,"Mississippi state senate map for the November 2027 election. Real seats, deliberately not minted yet: the proposed-district parser and the minted district types cover the 2026 maps only, and no adoption decision has been recorded for this map. Revisit before the 2027 filing period; BallotReady already carries the 2027 races."
2027 PROPOSED STATE SENATE DIST 06 (EST.),MS,"Mississippi state senate map for the November 2027 election. Real seats, deliberately not minted yet: the proposed-district parser and the minted district types cover the 2026 maps only, and no adoption decision has been recorded for this map. Revisit before the 2027 filing period; BallotReady already carries the 2027 races."
2027 PROPOSED STATE SENATE DIST 07 (EST.),MS,"Mississippi state senate map for the November 2027 election. Real seats, deliberately not minted yet: the proposed-district parser and the minted district types cover the 2026 maps only, and no adoption decision has been recorded for this map. Revisit before the 2027 filing period; BallotReady already carries the 2027 races."
2027 PROPOSED STATE SENATE DIST 08 (EST.),MS,"Mississippi state senate map for the November 2027 election. Real seats, deliberately not minted yet: the proposed-district parser and the minted district types cover the 2026 maps only, and no adoption decision has been recorded for this map. Revisit before the 2027 filing period; BallotReady already carries the 2027 races."
2027 PROPOSED STATE SENATE DIST 09 (EST.),MS,"Mississippi state senate map for the November 2027 election. Real seats, deliberately not minted yet: the proposed-district parser and the minted district types cover the 2026 maps only, and no adoption decision has been recorded for this map. Revisit before the 2027 filing period; BallotReady already carries the 2027 races."
2027 PROPOSED STATE SENATE DIST 10 (EST.),MS,"Mississippi state senate map for the November 2027 election. Real seats, deliberately not minted yet: the proposed-district parser and the minted district types cover the 2026 maps only, and no adoption decision has been recorded for this map. Revisit before the 2027 filing period; BallotReady already carries the 2027 races."
2027 PROPOSED STATE SENATE DIST 11 (EST.),MS,"Mississippi state senate map for the November 2027 election. Real seats, deliberately not minted yet: the proposed-district parser and the minted district types cover the 2026 maps only, and no adoption decision has been recorded for this map. Revisit before the 2027 filing period; BallotReady already carries the 2027 races."
2027 PROPOSED STATE SENATE DIST 12 (EST.),MS,"Mississippi state senate map for the November 2027 election. Real seats, deliberately not minted yet: the proposed-district parser and the minted district types cover the 2026 maps only, and no adoption decision has been recorded for this map. Revisit before the 2027 filing period; BallotReady already carries the 2027 races."
2027 PROPOSED STATE SENATE DIST 13 (EST.),MS,"Mississippi state senate map for the November 2027 election. Real seats, deliberately not minted yet: the proposed-district parser and the minted district types cover the 2026 maps only, and no adoption decision has been recorded for this map. Revisit before the 2027 filing period; BallotReady already carries the 2027 races."
2027 PROPOSED STATE SENATE DIST 14 (EST.),MS,"Mississippi state senate map for the November 2027 election. Real seats, deliberately not minted yet: the proposed-district parser and the minted district types cover the 2026 maps only, and no adoption decision has been recorded for this map. Revisit before the 2027 filing period; BallotReady already carries the 2027 races."
2027 PROPOSED STATE SENATE DIST 15 (EST.),MS,"Mississippi state senate map for the November 2027 election. Real seats, deliberately not minted yet: the proposed-district parser and the minted district types cover the 2026 maps only, and no adoption decision has been recorded for this map. Revisit before the 2027 filing period; BallotReady already carries the 2027 races."
2027 PROPOSED STATE SENATE DIST 16 (EST.),MS,"Mississippi state senate map for the November 2027 election. Real seats, deliberately not minted yet: the proposed-district parser and the minted district types cover the 2026 maps only, and no adoption decision has been recorded for this map. Revisit before the 2027 filing period; BallotReady already carries the 2027 races."
2027 PROPOSED STATE SENATE DIST 17 (EST.),MS,"Mississippi state senate map for the November 2027 election. Real seats, deliberately not minted yet: the proposed-district parser and the minted district types cover the 2026 maps only, and no adoption decision has been recorded for this map. Revisit before the 2027 filing period; BallotReady already carries the 2027 races."
2027 PROPOSED STATE SENATE DIST 18 (EST.),MS,"Mississippi state senate map for the November 2027 election. Real seats, deliberately not minted yet: the proposed-district parser and the minted district types cover the 2026 maps only, and no adoption decision has been recorded for this map. Revisit before the 2027 filing period; BallotReady already carries the 2027 races."
2027 PROPOSED STATE SENATE DIST 19 (EST.),MS,"Mississippi state senate map for the November 2027 election. Real seats, deliberately not minted yet: the proposed-district parser and the minted district types cover the 2026 maps only, and no adoption decision has been recorded for this map. Revisit before the 2027 filing period; BallotReady already carries the 2027 races."
2027 PROPOSED STATE SENATE DIST 20 (EST.),MS,"Mississippi state senate map for the November 2027 election. Real seats, deliberately not minted yet: the proposed-district parser and the minted district types cover the 2026 maps only, and no adoption decision has been recorded for this map. Revisit before the 2027 filing period; BallotReady already carries the 2027 races."
2027 PROPOSED STATE SENATE DIST 21 (EST.),MS,"Mississippi state senate map for the November 2027 election. Real seats, deliberately not minted yet: the proposed-district parser and the minted district types cover the 2026 maps only, and no adoption decision has been recorded for this map. Revisit before the 2027 filing period; BallotReady already carries the 2027 races."
2027 PROPOSED STATE SENATE DIST 22 (EST.),MS,"Mississippi state senate map for the November 2027 election. Real seats, deliberately not minted yet: the proposed-district parser and the minted district types cover the 2026 maps only, and no adoption decision has been recorded for this map. Revisit before the 2027 filing period; BallotReady already carries the 2027 races."
2027 PROPOSED STATE SENATE DIST 23 (EST.),MS,"Mississippi state senate map for the November 2027 election. Real seats, deliberately not minted yet: the proposed-district parser and the minted district types cover the 2026 maps only, and no adoption decision has been recorded for this map. Revisit before the 2027 filing period; BallotReady already carries the 2027 races."
2027 PROPOSED STATE SENATE DIST 24 (EST.),MS,"Mississippi state senate map for the November 2027 election. Real seats, deliberately not minted yet: the proposed-district parser and the minted district types cover the 2026 maps only, and no adoption decision has been recorded for this map. Revisit before the 2027 filing period; BallotReady already carries the 2027 races."
2027 PROPOSED STATE SENATE DIST 25 (EST.),MS,"Mississippi state senate map for the November 2027 election. Real seats, deliberately not minted yet: the proposed-district parser and the minted district types cover the 2026 maps only, and no adoption decision has been recorded for this map. Revisit before the 2027 filing period; BallotReady already carries the 2027 races."
2027 PROPOSED STATE SENATE DIST 26 (EST.),MS,"Mississippi state senate map for the November 2027 election. Real seats, deliberately not minted yet: the proposed-district parser and the minted district types cover the 2026 maps only, and no adoption decision has been recorded for this map. Revisit before the 2027 filing period; BallotReady already carries the 2027 races."
2027 PROPOSED STATE SENATE DIST 27 (EST.),MS,"Mississippi state senate map for the November 2027 election. Real seats, deliberately not minted yet: the proposed-district parser and the minted district types cover the 2026 maps only, and no adoption decision has been recorded for this map. Revisit before the 2027 filing period; BallotReady already carries the 2027 races."
2027 PROPOSED STATE SENATE DIST 28 (EST.),MS,"Mississippi state senate map for the November 2027 election. Real seats, deliberately not minted yet: the proposed-district parser and the minted district types cover the 2026 maps only, and no adoption decision has been recorded for this map. Revisit before the 2027 filing period; BallotReady already carries the 2027 races."
2027 PROPOSED STATE SENATE DIST 29 (EST.),MS,"Mississippi state senate map for the November 2027 election. Real seats, deliberately not minted yet: the proposed-district parser and the minted district types cover the 2026 maps only, and no adoption decision has been recorded for this map. Revisit before the 2027 filing period; BallotReady already carries the 2027 races."
2027 PROPOSED STATE SENATE DIST 30 (EST.),MS,"Mississippi state senate map for the November 2027 election. Real seats, deliberately not minted yet: the proposed-district parser and the minted district types cover the 2026 maps only, and no adoption decision has been recorded for this map. Revisit before the 2027 filing period; BallotReady already carries the 2027 races."
2027 PROPOSED STATE SENATE DIST 31 (EST.),MS,"Mississippi state senate map for the November 2027 election. Real seats, deliberately not minted yet: the proposed-district parser and the minted district types cover the 2026 maps only, and no adoption decision has been recorded for this map. Revisit before the 2027 filing period; BallotReady already carries the 2027 races."
2027 PROPOSED STATE SENATE DIST 32 (EST.),MS,"Mississippi state senate map for the November 2027 election. Real seats, deliberately not minted yet: the proposed-district parser and the minted district types cover the 2026 maps only, and no adoption decision has been recorded for this map. Revisit before the 2027 filing period; BallotReady already carries the 2027 races."
2027 PROPOSED STATE SENATE DIST 33 (EST.),MS,"Mississippi state senate map for the November 2027 election. Real seats, deliberately not minted yet: the proposed-district parser and the minted district types cover the 2026 maps only, and no adoption decision has been recorded for this map. Revisit before the 2027 filing period; BallotReady already carries the 2027 races."
2027 PROPOSED STATE SENATE DIST 34 (EST.),MS,"Mississippi state senate map for the November 2027 election. Real seats, deliberately not minted yet: the proposed-district parser and the minted district types cover the 2026 maps only, and no adoption decision has been recorded for this map. Revisit before the 2027 filing period; BallotReady already carries the 2027 races."
2027 PROPOSED STATE SENATE DIST 35 (EST.),MS,"Mississippi state senate map for the November 2027 election. Real seats, deliberately not minted yet: the proposed-district parser and the minted district types cover the 2026 maps only, and no adoption decision has been recorded for this map. Revisit before the 2027 filing period; BallotReady already carries the 2027 races."
2027 PROPOSED STATE SENATE DIST 36 (EST.),MS,"Mississippi state senate map for the November 2027 election. Real seats, deliberately not minted yet: the proposed-district parser and the minted district types cover the 2026 maps only, and no adoption decision has been recorded for this map. Revisit before the 2027 filing period; BallotReady already carries the 2027 races."
2027 PROPOSED STATE SENATE DIST 37 (EST.),MS,"Mississippi state senate map for the November 2027 election. Real seats, deliberately not minted yet: the proposed-district parser and the minted district types cover the 2026 maps only, and no adoption decision has been recorded for this map. Revisit before the 2027 filing period; BallotReady already carries the 2027 races."
2027 PROPOSED STATE SENATE DIST 38 (EST.),MS,"Mississippi state senate map for the November 2027 election. Real seats, deliberately not minted yet: the proposed-district parser and the minted district types cover the 2026 maps only, and no adoption decision has been recorded for this map. Revisit before the 2027 filing period; BallotReady already carries the 2027 races."
2027 PROPOSED STATE SENATE DIST 39 (EST.),MS,"Mississippi state senate map for the November 2027 election. Real seats, deliberately not minted yet: the proposed-district parser and the minted district types cover the 2026 maps only, and no adoption decision has been recorded for this map. Revisit before the 2027 filing period; BallotReady already carries the 2027 races."
2027 PROPOSED STATE SENATE DIST 40 (EST.),MS,"Mississippi state senate map for the November 2027 election. Real seats, deliberately not minted yet: the proposed-district parser and the minted district types cover the 2026 maps only, and no adoption decision has been recorded for this map. Revisit before the 2027 filing period; BallotReady already carries the 2027 races."
2027 PROPOSED STATE SENATE DIST 41 (EST.),MS,"Mississippi state senate map for the November 2027 election. Real seats, deliberately not minted yet: the proposed-district parser and the minted district types cover the 2026 maps only, and no adoption decision has been recorded for this map. Revisit before the 2027 filing period; BallotReady already carries the 2027 races."
2027 PROPOSED STATE SENATE DIST 42 (EST.),MS,"Mississippi state senate map for the November 2027 election. Real seats, deliberately not minted yet: the proposed-district parser and the minted district types cover the 2026 maps only, and no adoption decision has been recorded for this map. Revisit before the 2027 filing period; BallotReady already carries the 2027 races."
2027 PROPOSED STATE SENATE DIST 43 (EST.),MS,"Mississippi state senate map for the November 2027 election. Real seats, deliberately not minted yet: the proposed-district parser and the minted district types cover the 2026 maps only, and no adoption decision has been recorded for this map. Revisit before the 2027 filing period; BallotReady already carries the 2027 races."
2027 PROPOSED STATE SENATE DIST 44 (EST.),MS,"Mississippi state senate map for the November 2027 election. Real seats, deliberately not minted yet: the proposed-district parser and the minted district types cover the 2026 maps only, and no adoption decision has been recorded for this map. Revisit before the 2027 filing period; BallotReady already carries the 2027 races."
2027 PROPOSED STATE SENATE DIST 45 (EST.),MS,"Mississippi state senate map for the November 2027 election. Real seats, deliberately not minted yet: the proposed-district parser and the minted district types cover the 2026 maps only, and no adoption decision has been recorded for this map. Revisit before the 2027 filing period; BallotReady already carries the 2027 races."
2027 PROPOSED STATE SENATE DIST 46 (EST.),MS,"Mississippi state senate map for the November 2027 election. Real seats, deliberately not minted yet: the proposed-district parser and the minted district types cover the 2026 maps only, and no adoption decision has been recorded for this map. Revisit before the 2027 filing period; BallotReady already carries the 2027 races."
2027 PROPOSED STATE SENATE DIST 47 (EST.),MS,"Mississippi state senate map for the November 2027 election. Real seats, deliberately not minted yet: the proposed-district parser and the minted district types cover the 2026 maps only, and no adoption decision has been recorded for this map. Revisit before the 2027 filing period; BallotReady already carries the 2027 races."
2027 PROPOSED STATE SENATE DIST 48 (EST.),MS,"Mississippi state senate map for the November 2027 election. Real seats, deliberately not minted yet: the proposed-district parser and the minted district types cover the 2026 maps only, and no adoption decision has been recorded for this map. Revisit before the 2027 filing period; BallotReady already carries the 2027 races."
2027 PROPOSED STATE SENATE DIST 49 (EST.),MS,"Mississippi state senate map for the November 2027 election. Real seats, deliberately not minted yet: the proposed-district parser and the minted district types cover the 2026 maps only, and no adoption decision has been recorded for this map. Revisit before the 2027 filing period; BallotReady already carries the 2027 races."
2027 PROPOSED STATE SENATE DIST 50 (EST.),MS,"Mississippi state senate map for the November 2027 election. Real seats, deliberately not minted yet: the proposed-district parser and the minted district types cover the 2026 maps only, and no adoption decision has been recorded for this map. Revisit before the 2027 filing period; BallotReady already carries the 2027 races."
2027 PROPOSED STATE SENATE DIST 51 (EST.),MS,"Mississippi state senate map for the November 2027 election. Real seats, deliberately not minted yet: the proposed-district parser and the minted district types cover the 2026 maps only, and no adoption decision has been recorded for this map. Revisit before the 2027 filing period; BallotReady already carries the 2027 races."
2027 PROPOSED STATE SENATE DIST 52 (EST.),MS,"Mississippi state senate map for the November 2027 election. Real seats, deliberately not minted yet: the proposed-district parser and the minted district types cover the 2026 maps only, and no adoption decision has been recorded for this map. Revisit before the 2027 filing period; BallotReady already carries the 2027 races."
